,Unnamed: 0,UEI,Start Date,End Date,Main Cause,Latitude,Longitude,Severity,Area Affected,Human fatality,Human Displaced,Event Source,Event Souce ID,loc
0,0,UEI-DFO-FL-1985-0001,1985-06-23,1985-06-27,Heavy rain,14.5398,75.0937,1.0,254234.6,95,25000.0,DFO,27,Karnataka
1,1,UEI-DFO-FL-1985-0002,1985-07-18,1985-07-30,Heavy rain,32.8353,76.9103,1.0,117441.17,340,20000.0,DFO,33,Himachal Pradesh
2,2,UEI-DFO-FL-1985-0003,1985-09-13,1985-10-15,Heavy rain,26.4816,82.8434,2.0,89994.67,557,152000.0,DFO,53,Uttar Pradesh
3,3,UEI-DFO-FL-1985-0004,1985-10-18,1985-10-20,Tropical cyclone,21.1495,86.7154,2.0,46758.64,49,150000.0,DFO,61,Odisha
4,4,UEI-DFO-FL-1986-0001,1986-06-15,1986-08-20,Monsoonal rain,25.6339,84.0726,1.0,507167.44,258,3040000.0,DFO,93,Bihar
5,5,UEI-DFO-FL-1986-0002,1986-08-15,1986-08-22,Monsoonal rain,17.4331,80.187,1.0,107355.33,150,3000000.0,DFO,98,Telangana
7,7,UEI-DFO-FL-1988-0001,1988-05-23,1988-11-06,Monsoonal rain,26.4813,92.0622,1.0,42285.99,76,43000.0,DFO,180,Assam
8,8,UEI-DFO-FL-1988-0002,1988-06-21,1988-07-14,Heavy rain,26.988,92.926,1.0,70501.83,34,2000000.0,DFO,190,Arunachal Pradesh
9,9,UEI-DFO-FL-1988-0003,1988-04-07,1988-08-08,Monsoonal rain,28.886,80.7246,2.0,847737.26,233,500000.0,DFO,196,
10,10,UEI-DFO-FL-1988-0004,1988-07-14,1988-07-27,Heavy rain,22.0189,71.1117,1.0,76352.55,97,25000.0,DFO,203,Gujarat
11,11,UEI-DFO-FL-1988-0005,1988-07-31,1988-02-08,Heavy rain,18.4311,80.713,1.0,94871.79,50,0.0,DFO,214,Chhattisgarh
12,12,UEI-DFO-FL-1988-0006,1988-08-23,1988-09-15,Monsoonal rain,26.5037,86.5429,1.0,626872.46,876,2000.0,DFO,228,Bihar
13,13,UEI-DFO-FL-1988-0007,1988-09-21,1988-08-10,Heavy rain,30.9339,75.0459,2.0,268528.55,731,1250000.0,DFO,253,Punjab
14,14,UEI-DFO-FL-1988-0008,1988-03-10,1988-04-10,Heavy rain,19.1131,72.8962,1.0,605.213,23,0.0,DFO,255,Maharashtra
15,15,UEI-DFO-FL-1989-0001,1989-07-22,1989-07-31,Monsoonal rain,15.1816,76.4736,1.0,905209.24,780,0.0,DFO,330,Karnataka
16,16,UEI-DFO-FL-1989-0002,1989-05-07,1989-10-08,Monsoonal rain,24.8678,92.8291,2.0,112816.35,31,32000.0,DFO,334,Assam
17,17,UEI-DFO-FL-1989-0003,1989-03-09,1989-10-09,Heavy rain,26.4375,80.8611,1.0,204979.38,7,0.0,DFO,360,Uttar Pradesh
18,18,UEI-DFO-FL-1990-0001,1990-03-21,1990-03-22,Torrential rain,33.8036,76.2592,1.0,90818.98,17,0.0,DFO,401,Ladakh
19,19,UEI-DFO-FL-1990-0002,1990-10-05,1990-05-13,Tropical cyclone,16.2843,80.6926,1.0,267344.4,430,470000.0,DFO,411,Andhra Pradesh
20,20,UEI-DFO-FL-1990-0003,1990-06-13,1990-06-18,Monsoonal rain,26.7553,92.7754,2.0,53045.31,21,0.0,DFO,419,Assam
21,21,UEI-DFO-FL-1990-0004,1990-03-07,1990-07-24,Monsoonal rain,26.7055,78.8703,1.0,1100663.3,425,63517.0,DFO,431,Uttar Pradesh
22,22,UEI-DFO-FL-1990-0005,1990-08-13,1990-08-14,Heavy rain,27.5435,80.6956,1.0,284926.61,17,0.0,DFO,447,Uttar Pradesh
23,23,UEI-DFO-FL-1990-0006,1990-08-19,1990-08-25,Monsoonal rain,22.4257,71.3244,1.0,186161.6,50,0.0,DFO,450,Gujarat
24,24,UEI-DFO-FL-1990-0007,1990-10-17,1990-10-18,Heavy rain,26.0747,92.817,1.0,93839.75,10,6000.0,DFO,472,Assam
25,25,UEI-DFO-FL-1990-0008,1990-10-24,1990-10-28,Monsoonal rain,11.3982,77.0504,1.0,13576.31,44,0.0,DFO,474,Tamil Nadu
26,26,UEI-DFO-FL-1991-0001,1991-07-05,1991-11-05,Tropical cyclone,24.4696,92.4232,1.0,26042.82,13,25000.0,DFO,510,Assam
27,27,UEI-DFO-FL-1991-0002,1991-10-06,1991-12-06,Monsoonal rain,15.733,73.7324,2.0,491361.5,72,300000.0,DFO,521,Maharashtra
28,28,UEI-DFO-FL-1991-0003,1991-07-13,1991-07-19,Monsoonal rain,26.6059,92.9592,1.0,55550.83,25,400000.0,DFO,539,Assam
29,29,UEI-DFO-FL-1991-0004,1991-07-29,1991-07-31,Monsoonal rain,20.9474,79.1574,1.0,47249.13,500,6000.0,DFO,553,Maharashtra
30,30,UEI-DFO-FL-1991-0005,1991-08-14,1991-08-18,Heavy rain,20.2047,84.4178,1.0,151947.06,15,0.0,DFO,570,Odisha
31,31,UEI-DFO-FL-1991-0006,1991-08-15,1991-08-29,Monsoonal rain,28.3671,81.0334,1.0,547679.02,88,0.0,DFO,571,Uttar Pradesh
32,32,UEI-DFO-FL-1991-0007,1991-01-09,1991-09-14,Monsoonal rain,24.707,85.7348,1.0,170873.64,0,87500.0,DFO,578,Jharkhand
33,33,UEI-DFO-FL-1991-0008,1991-09-14,1991-09-15,Monsoonal rain,24.3395,87.8328,1.0,91960.65,21,0.0,DFO,585,West Bengal
34,34,UEI-DFO-FL-1991-0009,1991-11-13,1991-11-18,Heavy rain,14.0025,79.4752,1.0,599564.89,90,85000.0,DFO,598,Andhra Pradesh
35,35,UEI-DFO-FL-1992-0001,1992-06-15,1992-07-23,Monsoonal rain,16.5216,75.9695,1.0,752428.66,90,8000.0,DFO,656,Karnataka
36,36,UEI-DFO-FL-1992-0002,1992-10-07,1992-07-20,Heavy rain,26.9122,94.46,1.0,28221.72,0,0.0,DFO,667,Assam
37,37,UEI-DFO-FL-1992-0003,1992-07-26,1992-07-08,Monsoonal rain,20.5033,86.0449,1.0,44021.23,16,0.0,DFO,672,Odisha
38,38,UEI-DFO-FL-1992-0004,1992-01-08,1992-03-09,Monsoonal rain,24.8678,80.7003,1.0,518125.28,40,2000.0,DFO,675,Madhya Pradesh
39,39,UEI-DFO-FL-1992-0005,1992-12-09,1992-11-20,Tropical cyclone,13.0242,78.8487,2.0,552562.43,263,20000.0,DFO,694,Tamil Nadu
42,42,UEI-DFO-FL-1993-0003,1993-09-09,1993-09-17,Heavy rain,27.9917,78.9675,1.0,65928.48,232,4590.0,DFO,778,Uttar Pradesh
43,43,UEI-DFO-FL-1993-0004,1993-11-10,1993-10-21,Torrential rain,13.407,75.4042,1.0,40595.2,35,40000.0,DFO,791,Karnataka
44,44,UEI-DFO-FL-1993-0005,1993-10-11,1993-11-14,Heavy rain,11.054,77.5024,1.0,40501.37,95,0.0,DFO,798,Tamil Nadu
45,45,UEI-DFO-FL-1993-0006,1993-04-12,1993-12-15,Tropical cyclone,12.5851,79.9572,1.0,7968.64,70,45000.0,DFO,804,Tamil Nadu
46,46,UEI-DFO-FL-1994-0001,1994-01-07,1994-07-24,Monsoonal rain,20.6258,76.6191,1.0,1981837.41,617,800000.0,DFO,855,Maharashtra
47,47,UEI-DFO-FL-1994-0002,1994-03-07,1994-12-07,Monsoonal rain,31.7869,77.252,1.0,52338.52,60,0.0,DFO,858,Himachal Pradesh
48,48,UEI-DFO-FL-1994-0003,1994-04-08,1994-11-08,Monsoonal rain,27.586,80.6237,1.0,292130.64,53,3000.0,DFO,879,Uttar Pradesh
49,49,UEI-DFO-FL-1994-0004,1994-08-08,1994-10-08,Torrential rain,31.7821,76.9177,1.0,16795.7,11,0.0,DFO,880,Himachal Pradesh
50,50,UEI-DFO-FL-1994-0005,1994-08-20,1994-08-23,Torrential rain,31.7668,77.27,1.0,14450.04,9,0.0,DFO,887,Himachal Pradesh
51,51,UEI-DFO-FL-1994-0006,1994-08-26,1994-02-09,Monsoonal rain,20.7866,79.2684,1.0,44159.25,26,0.0,DFO,892,Maharashtra
52,52,UEI-DFO-FL-1994-0007,1994-08-31,1994-05-09,Monsoonal rain,31.5294,77.0555,1.0,5275.13,20,0.0,DFO,894,Himachal Pradesh
53,53,UEI-DFO-FL-1994-0008,1994-02-09,1994-07-09,Monsoonal rain,20.1358,84.4369,1.0,154649.2,0,0.0,DFO,895,Odisha
54,54,UEI-DFO-FL-1994-0009,1994-10-27,1994-10-31,Tropical cyclone,10.7214,78.7248,1.0,89229.9,40,0.0,DFO,909,Tamil Nadu
55,55,UEI-DFO-FL-1994-0010,1994-10-30,1994-04-11,Tropical cyclone,16.2498,80.0422,1.0,110657.58,230,16000.0,DFO,911,Andhra Pradesh
56,56,UEI-DFO-FL-1995-0001,1995-02-06,1995-03-06,Heavy rain,23.2582,92.8575,1.0,20147.72,40,3200.0,DFO,959,Mizoram
57,57,UEI-DFO-FL-1995-0002,1995-06-20,1995-06-23,Monsoonal rain,26.0363,92.8902,1.0,102906.11,17,1000000.0,DFO,963,Assam
58,58,UEI-DFO-FL-1995-0003,1995-01-09,1995-09-20,Monsoonal rain,28.2424,76.8263,1.0,762936.89,600,2000000.0,DFO,990,Haryana
59,59,UEI-DFO-FL-1995-0004,1995-05-09,1995-08-09,Monsoonal rain,27.5887,88.4616,1.0,6520.57,35,0.0,DFO,992,Sikkim
60,60,UEI-DFO-FL-1995-0005,1995-09-26,1995-02-10,Monsoonal rain,22.4615,87.3749,1.0,308073.2,144,510000.0,DFO,1010,West Bengal
61,61,UEI-DFO-FL-1995-0006,1995-10-20,1995-10-23,Tropical cyclone,16.4132,80.612,1.0,262803.2,94,12000.0,DFO,1027,Andhra Pradesh
62,62,UEI-DFO-FL-1996-0001,1996-10-06,1996-06-30,Monsoonal rain,26.5766,73.762,1.0,328726.92,63,20000.0,DFO,1080,Rajasthan
63,63,UEI-DFO-FL-1996-0002,1996-10-07,1996-07-24,Monsoonal rain,27.4105,92.3599,1.0,128966.83,82,3000000.0,DFO,1088,Arunachal Pradesh
64,64,UEI-DFO-FL-1996-0003,1996-07-17,1996-10-08,Heavy rain,24.7685,85.6883,1.0,171939.46,74,4000000.0,DFO,1090,Bihar
65,65,UEI-DFO-FL-1996-0004,1996-10-21,1996-10-25,Heavy Rain,15.0341,78.7288,1.0,177527.02,326,100000.0,DFO,1125,Andhra Pradesh
66,66,UEI-DFO-FL-1996-0005,1996-06-11,1996-10-11,Tropical Cyclone,17.0009,81.7657,2.0,21445.46,2500,140000.0,DFO,1128,Andhra Pradesh
67,67,UEI-DFO-FL-1997-0001,1997-01-08,1997-11-08,Monsoonal rain,24.0572,86.2554,1.0,201818.75,24,100000.0,DFO,1168,Jharkhand
68,68,UEI-DFO-FL-1997-0002,1997-08-08,1997-08-14,Monsoonal rain,31.7905,77.3409,1.0,57530.65,200,0.0,DFO,1172,Himachal Pradesh
69,69,UEI-DFO-FL-1997-0003,1997-06-22,1997-08-26,Monsoonal rain,22.4404,71.3091,1.0,183142.55,273,20000.0,DFO,1232,Gujarat
70,70,UEI-DFO-FL-1997-0004,1997-05-07,1997-07-22,Monsoonal rain,9.49041,76.6811,1.0,233024.37,100,0.0,DFO,1256,Kerala
71,71,UEI-DFO-FL-1997-0005,1997-05-07,1997-07-14,Monsoonal rain,26.0909,92.9144,1.0,70603.06,97,0.0,DFO,1258,Assam
72,72,UEI-DFO-FL-1997-0006,1997-08-22,1997-08-26,Monsoonal rain,33.9398,74.8298,1.0,40014.04,26,0.0,DFO,1265,Jammu and Kashmir
73,73,UEI-DFO-FL-1997-0007,1997-08-19,1997-08-24,Monsoonal rain,18.8234,75.4418,1.0,228334.99,50,10000.0,DFO,1267,Maharashtra
74,74,UEI-DFO-FL-1997-0008,1997-09-19,1997-09-24,Tropical cyclone,16.9874,82.1012,1.0,80644.64,32,20000.0,DFO,1275,Andhra Pradesh
75,75,UEI-DFO-FL-1997-0009,1997-04-12,1997-09-12,Monsoonal rain,13.8493,78.9883,1.0,384888.4,6,0.0,DFO,1295,Andhra Pradesh
76,76,UEI-DFO-FL-1998-0001,1998-09-06,1998-11-06,Extra-tropical cyclone,24.0181,68.8677,1.0,4931.72,1126,15000.0,DFO,1383,Gujarat
77,77,UEI-DFO-FL-1998-0002,1998-09-16,1998-09-18,"Dam/Levy, break or release",20.4037,74.4164,1.0,214517.36,12,50000.0,DFO,1444,Maharashtra
78,78,UEI-DFO-FL-1998-0003,1998-01-10,1998-10-20,Heavy rain,16.1464,79.4042,1.0,194230.08,230,80000.0,DFO,1457,Andhra Pradesh
80,80,UEI-DFO-FL-1999-0002,1999-10-29,1999-12-11,Tropical cyclone,21.1735,85.3527,2.0,191940.24,9803,10000000.0,DFO,1567,Odisha
81,81,UEI-DFO-FL-2000-0001,2000-10-06,2000-06-16,"Dam/Levy, break or release",27.4268,94.7981,2.0,55286.73,30,50000.0,DFO,1606,Assam
82,82,UEI-DFO-FL-2000-0002,2000-07-31,2000-04-08,Torrential rain,31.806,77.6925,1.0,12415.81,140,4000.0,DFO,1616,Himachal Pradesh
83,83,UEI-DFO-FL-2000-0003,2000-02-08,2000-08-30,Monsoonal rain,27.094,94.643,1.0,326457.88,637,10504000.0,DFO,1617,Assam
84,84,UEI-DFO-FL-2000-0004,2000-08-23,2000-08-31,Torrential rain,17.1335,79.2098,2.0,129459.76,162,3000000.0,DFO,1623,Telangana
85,85,UEI-DFO-FL-2000-0005,2000-08-29,2000-09-14,Monsoonal rain,26.9607,80.4678,1.0,223178.01,578,0.0,DFO,1626,Uttar Pradesh
86,86,UEI-DFO-FL-2000-0006,2000-08-30,2000-01-09,Heavy rain,19.9343,80.0385,1.0,36854.1,40,5000.0,DFO,1628,Maharashtra
87,87,UEI-DFO-FL-2000-0007,2000-09-18,2000-10-21,Monsoonal rain,24.0841,88.5453,2.0,155000.88,1468,24000000.0,DFO,1641,West Bengal
88,88,UEI-DFO-FL-2000-0008,2000-07-17,2000-07-30,Monsoonal rain,15.811,74.5207,1.0,107052.9,140,0.0,DFO,1615,Karnataka
90,90,UEI-DFO-FL-2001-0002,2001-06-20,2001-06-21,Monsoonal rain,22.8284,71.2868,1.0,38728.34,29,0.0,DFO,1737,Gujarat
91,91,UEI-DFO-FL-2001-0003,2001-04-07,2001-07-16,Monsoonal rain,9.72651,76.423,1.0,4467.85,86,40000.0,DFO,1744,Kerala
92,92,UEI-DFO-FL-2001-0004,2001-08-07,2001-10-08,Monsoonal rain,21.0559,84.7987,2.0,105057.29,100,2000000.0,DFO,1747,Odisha
93,93,UEI-DFO-FL-2001-0005,2001-07-16,2001-07-16,Torrential rain,30.7738,79.8583,1.0,2458.01,26,0.0,DFO,1753,Uttarakhand
94,94,UEI-DFO-FL-2001-0006,2001-08-14,2001-08-15,Heavy rain,32.6061,76.1481,1.0,3009.11,16,0.0,DFO,1779,Himachal Pradesh
95,95,UEI-DFO-FL-2001-0007,2001-08-20,2001-11-09,Heavy rain,26.7556,83.0513,1.0,35442.06,65,300000.0,DFO,1789,Uttar Pradesh
96,96,UEI-DFO-FL-2001-0008,2001-07-09,2001-09-24,Heavy rain,26.5321,84.87,1.0,30123.95,146,30000.0,DFO,1791,Bihar
97,97,UEI-DFO-FL-2001-0009,2001-09-30,2001-02-10,Torrential rain,16.746,79.1214,1.0,44526.51,12,9000.0,DFO,1803,Telangana
98,98,UEI-DFO-FL-2001-0010,2001-10-16,2001-10-21,Heavy rain,14.8405,79.054,1.0,87384.5,143,50000.0,DFO,1811,Andhra Pradesh
99,99,UEI-DFO-FL-2002-0001,2002-02-02,2002-05-02,Heavy rain,10.4517,78.7843,1.0,35586.88,11,0.0,DFO,1871,Tamil Nadu
100,100,UEI-DFO-FL-2002-0002,2002-06-16,2002-06-22,Monsoonal rain,27.8034,95.3833,1.0,3790.23,0,25000.0,DFO,1952,Assam
101,101,UEI-DFO-FL-2002-0003,2002-06-25,2002-06-26,"Dam/Levy, break or release",22.342,88.9351,1.0,41.7932,4,11000.0,DFO,1967,West Bengal
102,102,UEI-DFO-FL-2002-0004,2002-06-26,2002-03-07,Monsoonal rain,20.8681,73.6623,1.0,170587.72,169,28000.0,DFO,1969,Gujarat
104,104,UEI-DFO-FL-2002-0006,2002-11-08,2002-08-13,Heavy rain,30.5622,78.5235,1.0,6762.02,33,0.0,DFO,2027,Uttarakhand
105,105,UEI-DFO-FL-2002-0007,2002-03-09,2002-06-09,Monsoonal rain,21.5391,73.2201,1.0,78978.7,22,5000.0,DFO,2049,Gujarat
106,106,UEI-DFO-FL-2002-0008,2002-10-10,2002-10-16,Monsoonal rain,11.8739,75.527,1.0,9745.41,11,0.0,DFO,2069,Kerala
107,107,UEI-DFO-FL-2002-0009,2002-10-31,2002-04-11,Heavy rain,10.9485,79.0643,1.0,22713.01,20,300.0,DFO,2081,Tamil Nadu
108,108,UEI-DFO-FL-2003-0001,2003-06-21,2003-06-24,Monsoonal rain,12.9158,74.9274,1.0,766.522,4,0.0,DFO,2258,Karnataka
109,109,UEI-DFO-FL-2003-0002,2003-06-20,2003-06-26,Monsoonal rain,21.3961,73.44,1.0,37685.27,4,0.0,DFO,2260,Gujarat
110,110,UEI-DFO-FL-2003-0003,2003-07-29,2003-02-08,Monsoonal rain,21.9811,73.9596,1.0,12776.68,2,14000.0,DFO,2299,Gujarat
111,111,UEI-DFO-FL-2003-0004,2003-07-29,2003-03-08,Monsoonal rain,19.1881,79.2948,1.5,21087.65,2,14000.0,DFO,2312,Telangana
112,112,UEI-DFO-FL-2003-0005,2003-08-27,2003-10-20,Monsoonal rain,20.6258,85.8936,1.0,117883.62,67,3000000.0,DFO,2338,Odisha
113,113,UEI-DFO-FL-2004-0001,2004-09-06,2004-11-06,Monsoonal rain,12.1226,75.4747,1.0,8999.41,45,1000.0,DFO,2496,Kerala
114,114,UEI-DFO-FL-2004-0002,2004-06-20,2004-07-10,Monsoonal rain,25.4989,85.8918,2.0,1162598.06,3000,40000000.0,DFO,2507,Bihar
115,115,UEI-DFO-FL-2004-0003,2004-01-08,2004-08-09,Monsoonal rain,21.0247,73.7641,1.0,638379.86,210,100000.0,DFO,2541,Gujarat
117,117,UEI-DFO-FL-2005-0001,2005-06-26,2005-06-29,Heavy rain,31.6718,78.4423,1.0,6530.74,6,5000.0,DFO,2678,Himachal Pradesh
118,118,UEI-DFO-FL-2005-0002,2005-06-28,2005-07-15,Monsoonal rain,21.433,73.0739,2.0,73780.97,202,500000.0,DFO,2680,Gujarat
119,119,UEI-DFO-FL-2005-0003,2005-06-29,2005-03-07,Monsoonal rain,20.9765,86.4305,1.0,6802.76,1,140000.0,DFO,2682,Odisha
120,120,UEI-DFO-FL-2005-0004,2005-02-07,2005-07-15,Monsoonal rain,24.1288,80.1999,1.0,55740.23,62,49000.0,DFO,2686,Madhya Pradesh
121,121,UEI-DFO-FL-2005-0005,2005-07-07,2005-07-27,Monsoonal rain,27.4363,87.0126,1.0,823461.88,40,3000000.0,DFO,2690,
122,122,UEI-DFO-FL-2005-0006,2005-07-24,2005-05-08,Monsoonal rain,17.9836,73.435,1.0,35551.57,987,160000.0,DFO,2697,Maharashtra
123,123,UEI-DFO-FL-2005-0007,2005-07-23,2005-08-16,Monsoonal rain,16.9772,79.9654,1.0,619197.82,126,100000.0,DFO,2698,Telangana
124,124,UEI-DFO-FL-2005-0008,2005-07-30,2005-03-08,Monsoonal rain,20.9915,86.2759,1.0,11721.28,8,344857.0,DFO,2700,Odisha
125,125,UEI-DFO-FL-2005-0009,2005-08-26,2005-08-30,Heavy rain,25.886,83.2115,1.0,12677.59,21,0.0,DFO,2718,Uttar Pradesh
126,126,UEI-DFO-FL-2005-0010,2005-09-14,2005-09-30,Heavy rain,21.1139,82.5389,1.0,374448.85,89,550000.0,DFO,2728,Chhattisgarh
127,127,UEI-DFO-FL-2005-0011,2005-09-16,2005-05-10,Monsoonal rain,28.1973,79.3734,1.0,308728.72,23,0.0,DFO,2731,Uttar Pradesh
128,128,UEI-DFO-FL-2005-0012,2005-09-22,2005-11-10,Heavy rain,21.7139,73.4733,1.0,53194.83,15,0.0,DFO,2734,Gujarat
129,129,UEI-DFO-FL-2005-0013,2005-10-21,2005-10-28,Heavy rain,21.9409,87.9347,1.0,29111.38,13,3000000.0,DFO,2754,West Bengal
130,130,UEI-DFO-FL-2005-0014,2005-10-23,2005-09-12,Monsoonal rain,11.7804,78.7317,1.0,131307.99,279,300000.0,DFO,2758,Tamil Nadu
131,131,UEI-DFO-FL-2006-0001,2006-04-15,2006-04-18,Heavy rain,17.4335,82.8115,1.0,190869.85,20,0.0,DFO,2844,Andhra Pradesh
132,132,UEI-DFO-FL-2006-0002,2006-05-31,2006-04-06,Monsoonal rain,18.7332,75.2343,1.0,394010.74,41,0.0,DFO,2876,Maharashtra
133,133,UEI-DFO-FL-2006-0003,2006-05-25,2006-02-06,Monsoonal rain,10.5443,76.0498,2.0,42686.92,32,10800.0,DFO,2878,Kerala
134,134,UEI-DFO-FL-2006-0004,2006-05-31,2006-07-24,Monsoonal rain,26.5993,94.0245,1.0,185348.84,21,600000.0,DFO,2879,Assam
135,135,UEI-DFO-FL-2006-0005,2006-06-24,2006-03-08,Monsoonal rain,25.6151,83.6713,1.0,506577.31,160,0.0,DFO,2894,Uttar Pradesh
136,136,UEI-DFO-FL-2006-0006,2006-03-07,2006-08-07,Monsoonal rain,19.1719,83.6477,1.0,31360.94,33,0.0,DFO,2909,Odisha
137,137,UEI-DFO-FL-2006-0007,2006-03-07,2006-06-07,Monsoonal rain,19.1028,72.8816,1.0,393.774,9,0.0,DFO,2910,Maharashtra
138,138,UEI-DFO-FL-2006-0008,2006-04-07,2006-07-07,Heavy rain,22.4114,71.3097,1.0,170055.89,24,8400.0,DFO,2911,Gujarat
139,139,UEI-DFO-FL-2006-0009,2006-07-28,2006-12-09,Monsoonal rain,20.1943,73.8242,2.0,681019.56,457,140000.0,DFO,2935,Maharashtra
140,140,UEI-DFO-FL-2006-0010,2006-01-08,2006-10-09,Monsoonal rain,18.1046,81.5288,1.0,302774.27,185,2000000.0,DFO,2940,Odisha
141,141,UEI-DFO-FL-2006-0011,2006-08-29,2006-04-09,Monsoonal rain,27.5853,81.5174,1.0,32712.75,42,50000.0,DFO,2956,Uttar Pradesh
143,143,UEI-DFO-FL-2006-0013,2006-09-18,2006-05-10,Monsoonal rain,19.73,83.7466,1.0,606979.95,250,50000.0,DFO,2965,Odisha
144,144,UEI-DFO-FL-2006-0014,2006-10-26,2006-04-11,Monsoonal rain,14.1349,79.9324,1.0,40094.93,47,225000.0,DFO,2985,Andhra Pradesh
145,145,UEI-DFO-FL-2007-0001,2007-03-20,2007-03-31,Heavy rain,33.4819,74.2156,1.0,68107.39,12,2000.0,DFO,3042,Jammu and Kashmir
146,146,UEI-DFO-FL-2007-0002,2007-06-18,2007-06-26,Monsoonal rain,26.2558,94.0189,1.0,74887.52,15,200000.0,DFO,3104,Assam
147,147,UEI-DFO-FL-2007-0003,2007-06-22,2007-04-07,Monsoonal rain,14.945,78.1615,1.0,450564.36,127,200000.0,DFO,3107,Andhra Pradesh
148,148,UEI-DFO-FL-2007-0004,2007-06-30,2007-07-13,Monsoonal rain,20.0539,81.8601,1.0,248438.85,29,50000.0,DFO,3118,Chhattisgarh
149,149,UEI-DFO-FL-2007-0005,2007-01-07,2007-06-07,Monsoonal rain,21.0263,77.5237,1.0,106578.44,62,10000.0,DFO,3119,Maharashtra
150,150,UEI-DFO-FL-2007-0006,2007-01-07,2007-07-13,Monsoonal rain,22.0231,72.2495,1.0,398939.17,225,63000.0,DFO,3120,Gujarat
151,151,UEI-DFO-FL-2007-0007,2007-03-07,2007-09-22,Monsoonal rain,22.6315,88.4871,1.5,517303.2,958,3000000.0,DFO,3122,West Bengal
152,152,UEI-DFO-FL-2007-0008,2007-12-07,2007-10-10,Monsoonal rain,27.5773,95.263,1.0,103551.73,96,11100000.0,DFO,3128,Assam
153,153,UEI-DFO-FL-2007-0009,2007-07-16,2007-07-20,Monsoonal rain,10.3906,76.3115,1.0,24124.3,44,35000.0,DFO,3131,Kerala
154,154,UEI-DFO-FL-2007-0010,2007-03-08,2007-08-27,Monsoonal rain,20.4525,86.1978,1.0,15363.99,15,20000.0,DFO,3150,Odisha
155,155,UEI-DFO-FL-2007-0011,2007-08-08,2007-08-15,Monsoonal rain,22.6824,70.925,1.0,133805.7,12,0.0,DFO,3160,Gujarat
156,156,UEI-DFO-FL-2007-0012,2007-12-08,2007-08-17,Monsoonal rain,31.2388,76.5268,1.0,191449.95,76,15000.0,DFO,3164,Punjab
157,157,UEI-DFO-FL-2007-0013,2007-09-16,2007-07-10,Monsoonal rain,15.7067,79.878,1.0,90279.71,94,20000.0,DFO,3191,Andhra Pradesh
158,158,UEI-DFO-FL-2007-0014,2007-09-22,2007-08-10,Heavy rain,20.9096,86.4033,1.0,72007.74,80,400000.0,DFO,3195,Odisha
159,159,UEI-DFO-FL-2007-0015,2007-10-17,2007-10-24,Heavy rain,24.7214,93.9705,1.5,10886.11,2,30000.0,DFO,3208,Manipur
160,160,UEI-DFO-FL-2007-0016,2007-10-27,2007-01-11,Heavy rain,12.725,79.7002,1.0,76740.36,29,50000.0,DFO,3217,Tamil Nadu
161,161,UEI-DFO-FL-2008-0001,2008-03-20,2008-03-27,Heavy rain,10.762,78.7172,1.0,144329.28,37,10000.0,DFO,3286,Tamil Nadu
162,162,UEI-DFO-FL-2008-0002,2008-05-24,2008-05-28,Heavy rain,26.4,93.755,1.0,62279.3,0,0.0,DFO,3312,Assam
164,164,UEI-DFO-FL-2008-0004,2008-05-07,2008-07-14,Monsoonal rain,25.2411,90.1201,1.5,426531.54,350,70000.0,DFO,3327,Meghalaya
166,166,UEI-DFO-FL-2008-0006,2008-05-08,2008-11-08,Monsoonal rain,16.6523,81.3801,1.5,75487.93,74,0.0,DFO,3356,Andhra Pradesh
167,167,UEI-DFO-FL-2008-0007,2008-08-30,2008-08-09,Monsoonal rain,27.0442,94.5503,1.5,80590.45,900,1000000.0,DFO,3372,Assam
168,168,UEI-DFO-FL-2008-0008,2008-09-22,2008-09-29,"Dam/Levy, break or release",20.9522,84.4064,2.0,464318.0,2400,0.0,DFO,3382,Odisha
169,169,UEI-DFO-FL-2009-0001,2009-01-07,2009-06-07,Heavy Rain,20.2249,84.7692,1.0,99876.58,0,500000.0,DFO,3497,Odisha
170,170,UEI-DFO-FL-2009-0002,2009-11-07,2009-07-17,Heavy Rain,15.3059,74.7271,1.0,63616.23,0,0.0,DFO,3504,Karnataka
171,171,UEI-DFO-FL-2009-0003,2009-03-07,2009-06-07,Torrential rain,27.481,93.8215,1.0,128962.3,6,0.0,DFO,3496,Arunachal Pradesh
172,172,UEI-DFO-FL-2009-0004,2009-01-08,2009-04-08,"Dam/Levy, break or release",26.5,85.5,1.5,21198.81,0,3000.0,DFO,3519,Bihar
173,173,UEI-DFO-FL-2009-0005,2009-08-15,2009-08-27,"Dam/Levy, break or release",27.629,80.7483,1.0,84897.57,14,1000000.0,DFO,3529,Uttar Pradesh
174,174,UEI-DFO-FL-2009-0006,2009-08-18,2009-08-27,Monsoonal rain,26.8177,94.143,1.0,72244.8,0,300000.0,DFO,3530,Assam
175,175,UEI-DFO-FL-2009-0007,2009-06-09,2009-10-09,"Dam/Levy, break or release",22.5263,88.0605,2.0,25504.05,0,37000.0,DFO,3539,West Bengal
176,176,UEI-DFO-FL-2009-0008,2009-09-25,2009-12-10,Heavy Rain,15.7081,78.233,2.0,309688.88,303,0.0,DFO,3551,Andhra Pradesh
177,177,UEI-DFO-FL-2009-0009,2009-03-11,2009-08-11,Torrential rain,11.4729,77.8452,1.5,35725.31,70,0.0,DFO,3566,Tamil Nadu
178,178,UEI-DFO-FL-2010-0001,2010-03-24,2010-03-26,Monsoonal rain,27.2504,94.6126,1.0,16885.63,0,0.0,DFO,3626,Assam
179,179,UEI-DFO-FL-2010-0002,2010-04-18,2010-04-21,Heavy Rain,26.3166,91.8623,2.0,13472.46,0,300.0,DFO,3636,Assam
180,180,UEI-DFO-FL-2010-0003,2010-05-15,2010-06-26,Monsoonal rain,26.6381,93.1226,1.5,23813.35,0,10000.0,DFO,3650,Assam
181,181,UEI-DFO-FL-2010-0004,2010-05-18,2010-05-24,Heavy rain,15.2182,79.4844,1.0,63171.41,27,50000.0,DFO,3652,Andhra Pradesh
182,182,UEI-DFO-FL-2010-0005,2010-05-07,2010-07-15,Monsoonal rain,30.1895,74.7785,1.0,147437.23,98,523000.0,DFO,3674,Punjab
183,183,UEI-DFO-FL-2010-0006,2010-12-07,2010-07-14,Monsoonal rain,25.5869,86.1983,1.0,192748.71,0,5000.0,DFO,3682,Bihar
184,184,UEI-DFO-FL-2010-0007,2010-06-08,2010-08-08,Torrential rain,33.5267,76.1256,1.5,145020.41,150,180.0,DFO,3700,Jammu and Kashmir
185,185,UEI-DFO-FL-2010-0008,2010-05-09,2010-09-28,Torrential rain,25.965,76.05,1.0,10843.63,0,12500.0,DFO,3710,Rajasthan
186,186,UEI-DFO-FL-2010-0009,2010-01-09,2010-09-17,Monsoonal rain,16.29,80.055,1.5,15951.54,0,78000.0,DFO,3712,Andhra Pradesh
187,187,UEI-DFO-FL-2010-0010,2010-05-09,2010-09-17,Torrential rain,26.235,92.25,1.5,12555.81,1,30000.0,DFO,3713,Assam
188,188,UEI-DFO-FL-2010-0011,2010-09-18,2010-09-30,Monsoonal rain,26.73,82.845,1.5,38537.96,88,15000.0,DFO,3717,Uttar Pradesh
189,189,UEI-DFO-FL-2010-0012,2010-09-18,2010-09-20,Monsoonal rain,25.695,87.75,1.0,11289.64,0,0.0,DFO,3718,Bihar
190,190,UEI-DFO-FL-2010-0013,2010-11-15,2010-07-12,Monsoonal rain,9.88679,78.4773,1.5,57474.5,170,0.0,DFO,3757,Tamil Nadu
191,191,UEI-DFO-FL-2011-0001,2011-01-06,2011-06-13,Monsoonal rain,10.8365,76.7588,1.0,20807.38,4,500.0,DFO,3816,Kerala
192,192,UEI-DFO-FL-2011-0002,2011-06-18,2011-06-21,Torrential rain,20.7933,85.8723,1.0,41239.79,5,0.0,DFO,3825,Odisha
193,193,UEI-DFO-FL-2011-0003,2011-01-07,2011-07-22,Monsoonal rain,26.0844,86.1969,1.0,42377.33,0,3000.0,DFO,3834,Bihar
194,194,UEI-DFO-FL-2011-0004,2011-01-07,2011-07-22,Monsoonal rain,27.3624,94.0349,1.0,27203.38,0,0.0,DFO,3835,Arunachal Pradesh
195,195,UEI-DFO-FL-2011-0005,2011-07-23,2011-09-08,"Dam/Levy, break or release",28.5244,80.9261,1.5,85509.51,19,200000.0,DFO,3845,
196,196,UEI-DFO-FL-2011-0006,2011-10-08,2011-09-13,Monsoonal rain,22.3056,88.3453,2.0,28684.15,47,700000.0,DFO,3852,West Bengal
197,197,UEI-DFO-FL-2011-0007,2011-08-15,2011-02-10,Monsoonal rain,26.3755,86.2422,2.0,40941.51,158,70000.0,DFO,3854,Bihar
198,198,UEI-DFO-FL-2011-0008,2011-08-15,2011-08-09,Monsoonal rain,26.5897,92.1815,1.5,50117.38,7,11000.0,DFO,3856,Assam
199,199,UEI-DFO-FL-2011-0009,2011-08-25,2011-09-13,Monsoonal rain,22.3021,73.9531,1.5,33056.09,0,5000.0,DFO,3864,Gujarat
200,200,UEI-DFO-FL-2011-0010,2011-05-09,2011-02-10,Monsoonal rain,20.6511,86.0022,1.5,27751.69,40,15000.0,DFO,3866,Odisha
201,201,UEI-DFO-FL-2012-0001,2012-06-06,2012-07-16,Monsoonal rain,26.5659,92.4354,1.5,29190.16,109,400000.0,DFO,3934,Assam
202,202,UEI-DFO-FL-2012-0002,2012-04-07,2012-07-23,Monsoonal rain,26.1094,86.557,1.0,2638.64,9,1500.0,DFO,3945,Bihar
203,203,UEI-DFO-FL-2012-0003,2012-04-08,2012-06-08,Torrential rain,30.1135,78.8529,1.5,31390.53,30,1200.0,DFO,3959,Uttarakhand
204,204,UEI-DFO-FL-2012-0004,2012-03-08,2012-06-08,Monsoonal rain,19.4398,82.3216,1.0,35689.54,0,2000.0,DFO,3960,Odisha
205,205,UEI-DFO-FL-2012-0005,2012-08-16,2012-08-20,Monsoonal rain,20.9855,82.7962,1.0,29689.98,1,210.0,DFO,3966,Odisha
206,206,UEI-DFO-FL-2012-0006,2012-09-16,2012-09-18,Torrential rain,31.3063,76.8569,2.0,37710.76,45,200.0,DFO,3983,Himachal Pradesh
207,207,UEI-DFO-FL-2012-0007,2012-09-19,2012-10-15,Monsoonal rain,26.8031,93.6379,2.0,42597.57,21,2000000.0,DFO,3987,Assam
208,208,UEI-DFO-FL-2012-0008,2012-04-11,2012-08-11,Tropical cyclone,11.8283,78.8042,2.0,126082.83,40,70000.0,DFO,4001,Tamil Nadu
209,209,UEI-DFO-FL-2013-0001,2013-06-17,2013-06-27,Monsoonal rain,32.7135,76.6135,1.5,131743.41,5748,75000.0,DFO,4065,Himachal Pradesh
210,210,UEI-DFO-FL-2013-0002,2013-11-06,2013-06-18,Monsoonal rain,21.9781,82.5285,1.0,152700.5,0,8000.0,DFO,4067,Chhattisgarh
211,211,UEI-DFO-FL-2013-0003,2013-06-23,2013-07-15,Monsoonal rain,27.387,94.9182,2.0,38019.26,80,2000000.0,DFO,4069,Assam
212,212,UEI-DFO-FL-2013-0004,2013-12-10,2013-10-14,Tropical cyclone,21.2719,84.2495,2.0,246385.23,27,250000.0,DFO,4091,Odisha
213,213,UEI-DFO-FL-2013-0005,2013-12-10,2013-10-11,Heavy Rain,24.7174,85.9321,1.5,102661.14,7,0.0,DFO,4098,Jharkhand
214,214,UEI-DFO-FL-2014-0001,2014-06-23,2014-06-25,Monsoonal rain,27.8115,94.716,1.0,49220.53,0,10000.0,DFO,4154,Arunachal Pradesh
215,215,UEI-DFO-FL-2014-0002,2014-07-20,2014-07-29,Monsoonal rain,20.7752,84.1258,1.0,189576.05,6,15000.0,DFO,4165,Odisha
216,216,UEI-DFO-FL-2014-0003,2014-11-08,2014-08-09,Monsoonal rain,27.3852,79.7586,1.5,107474.39,31,4000.0,DFO,4171,Uttar Pradesh
217,217,UEI-DFO-FL-2014-0004,2014-08-14,2014-08-09,Monsoonal rain,26.1795,86.2537,1.5,62650.8,0,10000.0,DFO,4174,Bihar
218,218,UEI-DFO-FL-2014-0005,2014-08-15,2014-08-09,Monsoonal rain,27.6132,94.6542,1.0,44290.91,1,75000.0,DFO,4176,Assam
219,219,UEI-DFO-FL-2014-0006,2014-09-24,2014-11-10,Monsoonal rain,26.7465,92.4891,1.5,61894.97,59,30000.0,DFO,4188,Assam
220,220,UEI-DFO-FL-2014-0007,2014-12-10,2014-10-27,Tropical cyclone,18.4473,79.6967,1.5,376261.49,42,0.0,DFO,4198,Telangana
221,221,UEI-DFO-FL-2014-0008,2014-10-22,2014-10-27,Monsoonal rain,10.2916,78.2616,1.0,115476.31,5,300.0,DFO,4200,Tamil Nadu
222,222,UEI-DFO-FL-2015-0001,2015-03-20,2015-03-31,Heavy Rain,33.1767,76.4058,1.5,70287.98,44,2907.0,DFO,4239,Himachal Pradesh
223,223,UEI-DFO-FL-2015-0002,2015-05-17,2015-05-21,Torrential rain,10.7121,79.1771,1.0,14179.41,8,200.0,DFO,4251,Tamil Nadu
224,224,UEI-DFO-FL-2015-0003,2015-02-06,2015-06-29,Monsoonal rain,26.9195,93.8747,1.5,60437.23,3,9000.0,DFO,4259,Assam
225,225,UEI-DFO-FL-2015-0004,2015-06-24,2015-06-29,Monsoonal rain,21.8734,70.7643,1.5,43781.56,81,9000.0,DFO,4265,Gujarat
226,226,UEI-DFO-FL-2015-0005,2015-07-15,2015-08-19,Monsoonal rain,26.2074,82.6165,2.0,629961.61,206,300000.0,DFO,4282,Uttar Pradesh
227,227,UEI-DFO-FL-2015-0006,2015-08-13,2015-11-09,Monsoonal rain,26.8946,93.751,1.0,69190.14,5,18000.0,DFO,4288,Assam
228,228,UEI-DFO-FL-2015-0007,2015-10-11,2015-04-12,Tropical cyclone,11.8278,78.8554,2.0,93202.05,180,400000.0,DFO,4309,Tamil Nadu
229,229,UEI-DFO-FL-2016-0001,2016-04-20,2016-01-05,Heavy Rain,27.464,95.6068,1.5,70517.68,18,3000.0,DFO,4355,Assam
230,230,UEI-DFO-FL-2016-0002,2016-06-29,2016-08-26,Monsoonal rain,27.068,93.949,1.5,135742.3,30,1800.0,DFO,4371,Assam
231,231,UEI-DFO-FL-2016-0003,2016-07-07,2016-03-08,Monsoonal rain,22.8107,80.8349,1.5,167030.23,20,15000.0,DFO,4378,Madhya Pradesh
232,232,UEI-DFO-FL-2016-0004,2016-01-08,2016-03-08,Monsoonal rain,21.7477,73.4119,1.5,377732.88,20,0.0,DFO,4383,Gujarat
233,233,UEI-DFO-FL-2016-0005,2016-07-15,2016-09-22,Monsoonal rain,25.6099,85.1898,1.5,90613.74,127,377097.0,DFO,4384,Bihar
234,234,UEI-DFO-FL-2016-0006,2016-09-21,2016-10-16,Monsoonal rain,17.6536,80.3401,1.5,137435.4,17,3000.0,DFO,4405,Telangana
235,235,UEI-DFO-FL-2017-0001,2017-02-06,2017-03-07,Monsoonal rain,27.6131,94.9387,1.0,65387.73,6,113.0,DFO,4483,Assam
236,236,UEI-DFO-FL-2017-0002,2017-07-15,2017-07-20,Monsoonal rain,21.898,70.9375,1.0,31956.12,94,3000.0,DFO,4498,Gujarat
237,237,UEI-DFO-FL-2017-0003,2017-07-27,2017-10-08,Monsoonal rain,22.9061,88.0848,1.0,43809.39,39,47000.0,DFO,4499,West Bengal
238,238,UEI-DFO-FL-2017-0004,2017-10-08,2017-08-26,Monsoonal rain,28.1657,79.076,2.0,421575.24,253,422106.0,DFO,4507,Uttar Pradesh
239,239,UEI-DFO-FL-2017-0005,2017-10-30,2017-08-11,Heavy Rain,10.489,79.0039,1.5,50536.26,4,4000.0,DFO,4532,Tamil Nadu
240,240,UEI-DFO-FL-2018-0001,2018-05-29,2018-05-30,Torrential rain,14.3584,75.4408,1.5,116730.41,3,300.0,DFO,4622,Karnataka
241,241,UEI-DFO-FL-2018-0002,2018-12-06,2018-06-20,Monsoonal rain,26.8948,93.3551,1.5,209440.59,20,800000.0,DFO,4634,Assam
242,242,UEI-DFO-FL-2018-0003,2018-06-25,2018-11-07,Monsoonal rain,33.3752,75.1439,1.0,25994.04,3,0.0,DFO,4640,Jammu and Kashmir
243,243,UEI-DFO-FL-2018-0004,2018-06-22,2018-02-07,Monsoonal rain,20.9795,73.783,1.0,57211.12,20,0.0,DFO,4641,Gujarat
244,244,UEI-DFO-FL-2018-0005,2018-06-07,2018-11-07,Monsoonal rain,19.5656,74.5501,1.5,116871.19,1,300.0,DFO,4644,Maharashtra
245,245,UEI-DFO-FL-2018-0006,2018-09-07,2018-07-19,Monsoonal rain,12.5238,75.6883,1.5,153840.07,12,34000.0,DFO,4656,Karnataka
246,246,UEI-DFO-FL-2018-0007,2018-07-08,2018-10-08,Monsoonal rain,9.39943,76.7275,1.5,24440.47,20,1000.0,DFO,4663,Kerala
247,247,UEI-DFO-FL-2018-0008,2018-02-08,2018-10-08,Monsoonal rain,27.2914,94.1222,1.5,73328.62,0,25000.0,DFO,4665,Assam
248,248,UEI-DFO-FL-2018-0009,2018-01-09,2018-07-09,Monsoonal rain,25.7354,82.4309,1.5,70859.96,20,1000.0,DFO,4673,Uttar Pradesh
249,249,UEI-DFO-FL-2018-0010,2018-08-15,2018-07-09,Monsoonal rain,26.0513,94.7655,1.5,28864.54,11,2000.0,DFO,4675,Nagaland
250,250,UEI-DFO-FL-2018-0011,2018-09-23,2018-02-10,Torrential rain,31.3414,76.6285,1.0,114348.33,28,935.0,DFO,4684,Himachal Pradesh
251,251,UEI-DFO-FL-2018-0012,2018-11-10,2018-12-10,Tropical cyclone,17.9,83.3588,1.5,87682.57,7,300000.0,DFO,4686,Andhra Pradesh
252,252,UEI-DFO-FL-2019-0001,2019-03-05,2019-07-05,Tropical cyclone,21.5427,87.4662,1.5,123330.04,43,1400000.0,DFO,4746,
253,253,UEI-DFO-FL-2019-0002,2019-05-24,2019-05-27,Heavy Rain,23.4991,91.5736,1.5,9467.55,0,750.0,DFO,4752,Tripura
254,254,UEI-DFO-FL-2019-0003,2019-06-27,2019-07-13,Monsoonal rain,27.3531,94.3944,1.0,67022.92,3,50000.0,DFO,4772,Assam
255,255,UEI-DFO-FL-2019-0004,2019-01-07,2019-05-07,Torrential rain,20.2969,74.748,1.5,113845.85,36,0.0,DFO,4775,Maharashtra
256,256,UEI-DFO-FL-2019-0005,2019-06-08,2019-09-08,Monsoonal rain,11.4575,76.0842,1.5,94518.75,0,22000.0,DFO,4784,Kerala
257,257,UEI-DFO-FL-2019-0006,2019-05-08,2019-09-08,Monsoonal rain,19.1145,83.4825,1.5,302736.26,25,112500.0,DFO,4785,Odisha
258,258,UEI-DFO-FL-2019-0007,2019-09-13,2019-09-22,Monsoonal rain,25.3928,74.3521,1.5,180233.95,0,4500.0,DFO,4798,Rajasthan
259,259,UEI-DFO-FL-2019-0008,2019-09-15,2019-09-22,Monsoonal rain,24.1511,77.3956,1.5,236728.11,0,45000.0,DFO,4799,Madhya Pradesh
260,260,UEI-DFO-FL-2019-0009,2019-10-25,2019-06-11,Heavy Rain,27.0678,94.2459,1.0,106818.77,2,1000.0,DFO,4822,Assam
261,261,UEI-DFO-FL-2019-0010,2019-11-30,2019-06-12,Heavy Rain,10.8488,78.8554,1.5,104755.46,30,1000.0,DFO,4832,Tamil Nadu
